metric,score
r2,-0.6739952951009565
mse,2.265520816306362
mseoversigmay,1.9474268118340488
