metric,score
r2,0.549022694968254
mse,0.6103353308227472
mseoversigmay,0.5246402411749423
