metric,score
r2,-1.0628592222038495
mse,2.7917942915906
mseoversigmay,2.3998080341776777
