metric,score
r2,0.020306122560699746
mse,1.4140808016306337
mseoversigmay,1.17701584677607
