metric,score
r2,0.853750980521176
mse,0.21109444027848673
mseoversigmay,0.17570530700055656
