metric,score
r2,0.36283560470507126
mse,0.9196770130116231
mseoversigmay,0.7654968633914818
