metric,score
r2,0.8351056357320477
mse,0.23800695316976364
mseoversigmay,0.19810604542587906
