metric,score
r2,0.3627010291840379
mse,0.9701207868512457
mseoversigmay,0.7862931889743611
