metric,score
r2,0.3627010291840379
r2bar,0.2564845340480443
mse,0.9701207868512457
mseoversigmay,0.7862931889743611
