metric,score
r2,-1.5009885218199868
mse,3.80710006417787
mseoversigmay,3.085694988479741
