metric,score
r2,0.5673365772325663
mse,0.6586167550207868
mseoversigmay,0.5338158666799574
