metric,score
r2,0.9660257002726782
mse,0.06795558098621521
mseoversigmay,0.04804938372726509
