metric,score
r2,0.7186035423687719
r2bar,0.6623242508425262
mse,0.46408231902159275
mseoversigmay,0.36137393461892314
