metric,score
r2,0.7294691784746528
mse,0.3904816083655264
mseoversigmay,0.3250189383738504
