metric,score
r2,0.9309556890601286
mse,0.09965790009536651
mseoversigmay,0.08295065425781234
