metric,score
r2,0.8866026943841626
mse,0.16367658971915167
mseoversigmay,0.13623686823521988
