metric,score
r2,0.9048358328937806
mse,0.1373590514414663
mseoversigmay,0.11433135932423567
