metric,score
r2,0.9131718427492035
mse,0.12532693429731515
mseoversigmay,0.10431637819119072
