metric,score
r2,0.9108531496293274
mse,0.12867371383855297
mseoversigmay,0.10710208361280481
