metric,score
r2,0.9042403363260688
mse,0.13821858550943358
mseoversigmay,0.11504679596524996
