metric,score
r2,0.9054749688002827
mse,0.13643652876797596
mseoversigmay,0.11356349386389124
