metric,score
r2,0.8775977909018349
mse,0.17667418154669215
mseoversigmay,0.14705546610692644
