tg/t*,m
0.7616341030195383, 86.39760977732817
0.6863232682060391, 90.45369531718679
0.6678507992895204, 72.42821686095067
0.6522202486678508, 63.27879265524096
0.6344582593250445, 58.23391716560997
0.6323268206039077, 50.15303541811252
0.6223801065719361, 48.292143554515185
0.5847246891651865, 47.4725042052392
0.5825932504440499, 48.398244974298045
0.46962699822380105, 35.07839977415219
0.33676731793960923, 21.083128462705687
