metric,score
r2,0.9133320465532248
mse,0.14213851225841673
mseoversigmay,0.11099033274752515
