metric,score
r2,0.8171754008061316
mse,0.2998388158503897
mseoversigmay,0.23413225179503058
