metric,score
r2,0.8597178556435532
mse,0.23135494816917304
mseoversigmay,0.18015262483973474
