metric,score
r2,0.8597178556435532
r2bar,0.7895767834653298
mse,0.23135494816917304
mseoversigmay,0.18015262483973474
