metric,score
r2,0.771611374527023
mse,0.3766611841523437
mseoversigmay,0.2933004093375556
