metric,score
r2,-1.5675909997631643
mse,3.474878857036155
mseoversigmay,2.986983039555689
