metric,score
r2,-2.031843649222614
mse,3.189032809043868
mseoversigmay,3.1094451063272057
