metric,score
r2,0.5013433904754121
mse,0.524509992007086
mseoversigmay,0.5114199588166484
