metric,score
r2,0.9656802845479621
mse,0.06864648341667748
mseoversigmay,0.04853790042475482
