metric,score
r2,0.5503016278448278
mse,0.6086044722814977
mseoversigmay,0.5231524065426317
