metric,score
r2,-2.3354124364465085
mse,3.508340443033134
mseoversigmay,3.420783878730279
