metric,score
r2,0.4967406572763693
mse,0.5293513588060588
mseoversigmay,0.5161405011259996
