metric,score
r2,-1.9532553423143413
mse,3.1063700077473864
mseoversigmay,3.0288452949242903
