metric,score
r2,0.6296709407945598
mse,0.3895291633034284
mseoversigmay,0.3798078047897922
