metric,score
r2,-1.6734959361575545
mse,3.6182065226832814
mseoversigmay,3.1101865594482447
