metric,score
r2,0.5041251932345554
mse,0.6710978819933051
mseoversigmay,0.576871331021164
