metric,score
r2,0.7915664103491438
r2bar,0.7081929744888013
mse,0.31670361007213554
mseoversigmay,0.25692736386519877
