metric,score
r2,0.48406026899195476
r2bar,0.2776843765887367
mse,0.7853831258702678
mseoversigmay,0.6365613550159668
