metric,score
r2,0.4888327742877796
mse,0.7766910602307201
mseoversigmay,0.6300944488674854
