metric,score
r2,0.7784411275471571
mse,0.3372653613462313
mseoversigmay,0.2733571531481692
