metric,score
r2,0.48406026899195476
mse,0.7853831258702678
mseoversigmay,0.6365613550159668
