metric,score
r2,0.7784411275471571
r2bar,0.6898175785660199
mse,0.3372653613462313
mseoversigmay,0.2733571531481692
