metric,score
r2,0.7915664103491438
mse,0.31670361007213554
mseoversigmay,0.25692736386519877
