metric,score
r2,0.5902989437757284
mse,0.6225186822044485
mseoversigmay,0.5050213476859212
