metric,score
r2,0.48272732591380196
mse,0.7859679601026973
mseoversigmay,0.6376203795899221
