composition,diff_tcut,dmax,source,tg_exp,tg_md,tl,visc_tcut,tg_md/tl,tg_exp/tl,tg_md/visc_tcut,tg_md/diff_tcut,tg_exp/visc_tcut,tg_exp/diff_tcut,$log(dmax^{2})$,log(dmax^2)_pred
ZrCu,1121.781567285578,2.5,johnson,673.0,725.431915087509,1208.0,886.5147619469813,0.6005231085161498,0.5571192052980133,0.8182964866758689,0.6466784053537866,0.7591526152615258,0.5999385438543855,0.7958800173440752,0.7874508866972185
Ni4P,954.8775247099272,0.12,johnson,581.0,618.0442721847185,1161.0,721.7670624751863,0.5323378744054422,0.5004306632213609,0.8562932617972798,0.6472497845966875,0.8049688468846888,0.6084549954995498,-1.8416375079047504,-1.3889304583000914
Zr5AlCu4,1201.1532224157604,22.0,johnson,706.0,836.1007979477948,1123.0,974.3239951278928,0.7445243080568075,0.628673196794301,0.8581342573196564,0.6960817174233843,0.7246049604960496,0.5877684768476851,2.6848453616444123,2.0100621576975186
Zr48Al7Cu45,1182.2642624889152,5.0,inoue,708.0,807.7697407215721,1186.0,961.8584964648164,0.6810874710974469,0.596964586846543,0.8398010140685173,0.6832395821734871,0.7360750075007502,0.5988508850885088,1.3979400086720375,0.8767490826889031
Zr47Al7Cu46,1180.93775835597,3.0,inoue,705.0,833.0563883668367,1163.0,957.4834817581154,0.7162995600746661,0.6061908856405847,0.8700477911506027,0.7054193859687977,0.7363051305130514,0.5969831983198322,0.9542425094393248,0.5024742177052808
Zr9Cu9Ag2,1105.289338418173,6.0,inoue,683.0,736.0053669646965,1159.0,858.3200995750891,0.6350348291326112,0.5893011216566005,0.8574952017656997,0.6658938446090734,0.7957404240424042,0.6179377437743774,1.5563025007672873,0.588819934081112
Nb2Ni3,1579.7456355162333,1.0,inoue,891.0,1117.8885125932593,1478.0,1294.2013978772973,0.7563521736084299,0.6028416779431665,0.8637670415337056,0.7076382978756911,0.6884554455445545,0.5640148514851486,0.0,1.6106114621326988
Zr25Cu24Ag,1125.3798536859877,2.0,inoue,668.0,725.9079544254428,1192.0,885.0238980350503,0.6089831832428211,0.5604026845637584,0.8202128281926847,0.6450337208790938,0.7547818781878189,0.5935773577357736,0.6020599913279624,1.1623955985877394
